{
  "project_info": {
    "project_number": "748719304518",
    "firebase_url": "https://mstudy-3a91d.firebaseio.com",
    "project_id": "mstudy-3a91d",
    "storage_bucket": "mstudy-3a91d.appspot.com"
  },
  "client": [
    {
      "client_info": {
        "mobilesdk_app_id": "1:748719304518:android:481a57a81331fd76",
        "android_client_info": {
          "package_name": "com.example.computerworld.mstudy"
        }
      },
      "oauth_client": [
        {
          "client_id": "748719304518-stkt2f2tq616grmj5ldk5lmgcg89i3fl.apps.googleusercontent.com",
          "client_type": 1,
          "android_info": {
            "package_name": "com.example.computerworld.mstudy",
            "certificate_hash": "5432443e8e1c6406be85f9e496bf55cd60300696"
          }
        },
        {
          "client_id": "748719304518-sumuqrucjgjbpsi2iartc3g834kcdfj3.apps.googleusercontent.com",
          "client_type": 3
        }
      ],
      "api_key": [
        {
          "current_key": "AIzaSyCOTiO8HSr9AWzwlYniO1DyOhj9CyHBBcw"
        }
      ],
      "services": {
        "analytics_service": {
          "status": 1
        },
        "appinvite_service": {
          "status": 2,
          "other_platform_oauth_client": [
            {
              "client_id": "748719304518-sumuqrucjgjbpsi2iartc3g834kcdfj3.apps.googleusercontent.com",
              "client_type": 3
            }
          ]
        },
        "ads_service": {
          "status": 2
        }
      }
    }
  ],
  "configuration_version": "1"
}